Palabra 1,Palabra 2,Longitud
y,g,1
v,q,1
u,c,1
n,w,1
p,s,1
g,s,1
z,i,1
c,s,1
z,p,1
b,q,1
ad,wf,2
cl,ul,2
sp,xt,2
su,bo,2
gi,hm,2
og,fq,2
qq,im,2
sr,si,2
gy,qd,2
yn,iy,2
ait,jto,3
yim,qkv,3
qmp,heq,3
jhi,sjp,3
exy,jbn,3
bnh,yub,3
mip,fiz,3
agf,dio,3
krg,wiu,3
muv,ywp,3
woes,gtst,4
hgpy,xdeh,4
amux,tjqq,4
xdam,lfcd,4
gasw,wwpz,4
gtaa,shxf,4
qlln,wcfy,4
vlqw,qewu,4
vfia,ypdf,4
leej,vqou,4
aqpvw,xvvrq,5
yhxnl,tzmjl,5
lngfw,poqiz,5
ttrco,nccvp,5
sbppc,bovea,5
gpjpj,euiya,5
rgysf,vkbss,5
mbigd,chrea,5
swvem,tymtj,5
urtic,hvpzn,5
lepywk,avlrpz,6
yxksro,tbtnrj,6
lsfsms,noidkz,6
aiqqnm,jlbzzp,6
ayytrb,omgank,6
grotid,fzwbfq,6
sqiqss,vkzyxc,6
fkfwdg,mtapew,6
kjzmda,jkvutt,6
ctlcjx,trzprt,6
kxswyex,myrvmym,7
udfiasv,uymbmpb,7
fagpbqd,pzjqcwl,7
ghxefrh,czijutd,7
utxdgzt,wxatfjx,7
tdaawsh,olhuars,7
sshisga,eythpsq,7
xqlwkhz,utjyxmy,7
zbducir,kpyunpu,7
crhlclc,azwnfhi,7
eunjgyzf,xvavokne,8
itgjuaow,gqziawww,8
pkccdyuk,neabuvzn,8
vgsyqccc,bngwfuak,8
migalvnl,myqjkbcw,8
ybtvkvjr,vcwnyxhg,8
kgrqkvak,kylferyx,8
caupnoir,oofrsdck,8
jmldpslu,exmgmlnn,8
lorfvyqa,qaddhdcj,8
izhrzrjmo,fiqzsylmy,9
nwtzfleat,uyegjuzvb,9
swsaprsla,qikxxhnun,9
wxjxegyfr,svqizvhmg,9
ctojafaul,pjsownliy,9
rsoiatvbg,xjajqigmd,9
imdfrlzwt,xvkutmioc,9
nrvaphmpb,rgiucnoln,9
urtqwvcxx,bjltspkbc,9
ixicupmvr,fhqigpyod,9
fabpcocogh,rpdkezcflf,10
wfopeskzzi,dyqeempoke,10
hzzlnelcqp,fqjfqwcdis,10
tcudzfcydt,ihqqxklntd,10
lqxnfchstc,goagmwmcpg,10
llrotbuavf,xheqjmnmke,10
libyhvqamj,ahetikabpk,10
rbaqcimnjl,kderktytvn,10
srxsqbdrvy,ikcuxhujgo,10
qrgifjbwkd,ievowscixu,10
intrbgvgwqx,dwbhbmxpfbk,11
sdgmjwcjqjc,mxetxiotszq,11
rylvveehfbu,fvhglemvkxx,11
xgjpxpkhcfs,mxmwesleatj,11
bdkptprjkuv,xokjhoepoda,11
vevptepvrqk,huvgfyvshwa,11
skowqwtdore,zmmjhbrsjna,11
bdsosfadoeh,vwpfpzzshyj,11
kpleqmzmeri,qbaeugdzqyf,11
igcgozdazgx,aioygrybfyn,11
